--
-- PostgreSQL database dump
--

-- Dumped from database version 13.6 (Debian 13.6-1.pgdg110+1)
-- Dumped by pg_dump version 13.6 (Debian 13.6-1.pgdg110+1)

SET statement_timeout = 0;
SET lock_timeout = 0;
SET idle_in_transaction_session_timeout = 0;
SET client_encoding = 'UTF8';
SET standard_conforming_strings = on;
SELECT pg_catalog.set_config('search_path', '', false);
SET check_function_bodies = false;
SET xmloption = content;
SET client_min_messages = warning;
SET row_security = off;

SET default_tablespace = '';

SET default_table_access_method = heap;

--
-- Name: author; Type: TABLE; Schema: public; Owner: postgres
--

CREATE TABLE public.author (
    id bigint NOT NULL,
    birth_day date,
    description text,
    first_name character varying(20) NOT NULL,
    last_name character varying(20) NOT NULL,
    patronymic character varying(20)
);


ALTER TABLE public.author OWNER TO postgres;

--
-- Name: author_id_seq; Type: SEQUENCE; Schema: public; Owner: postgres
--

ALTER TABLE public.author ALTER COLUMN id ADD GENERATED BY DEFAULT AS IDENTITY (
    SEQUENCE NAME public.author_id_seq
    START WITH 1
    INCREMENT BY 1
    NO MINVALUE
    NO MAXVALUE
    CACHE 1
);


--
-- Name: book; Type: TABLE; Schema: public; Owner: postgres
--

CREATE TABLE public.book (
    id bigint NOT NULL,
    description text,
    name character varying(50) NOT NULL
);


ALTER TABLE public.book OWNER TO postgres;

--
-- Name: book_author; Type: TABLE; Schema: public; Owner: postgres
--

CREATE TABLE public.book_author (
    book_id bigint NOT NULL,
    authors_id bigint NOT NULL
);


ALTER TABLE public.book_author OWNER TO postgres;

--
-- Name: book_genre; Type: TABLE; Schema: public; Owner: postgres
--

CREATE TABLE public.book_genre (
    book_id bigint NOT NULL,
    genres_id bigint NOT NULL
);


ALTER TABLE public.book_genre OWNER TO postgres;

--
-- Name: book_id_seq; Type: SEQUENCE; Schema: public; Owner: postgres
--

ALTER TABLE public.book ALTER COLUMN id ADD GENERATED BY DEFAULT AS IDENTITY (
    SEQUENCE NAME public.book_id_seq
    START WITH 1
    INCREMENT BY 1
    NO MINVALUE
    NO MAXVALUE
    CACHE 1
);


--
-- Name: flyway_schema_history; Type: TABLE; Schema: public; Owner: postgres
--

CREATE TABLE public.flyway_schema_history (
    installed_rank integer NOT NULL,
    version character varying(50),
    description character varying(200) NOT NULL,
    type character varying(20) NOT NULL,
    script character varying(1000) NOT NULL,
    checksum integer,
    installed_by character varying(100) NOT NULL,
    installed_on timestamp without time zone DEFAULT now() NOT NULL,
    execution_time integer NOT NULL,
    success boolean NOT NULL
);


ALTER TABLE public.flyway_schema_history OWNER TO postgres;

--
-- Name: genre; Type: TABLE; Schema: public; Owner: postgres
--

CREATE TABLE public.genre (
    id bigint NOT NULL,
    name character varying(20) NOT NULL
);


ALTER TABLE public.genre OWNER TO postgres;

--
-- Name: genre_id_seq; Type: SEQUENCE; Schema: public; Owner: postgres
--

ALTER TABLE public.genre ALTER COLUMN id ADD GENERATED BY DEFAULT AS IDENTITY (
    SEQUENCE NAME public.genre_id_seq
    START WITH 1
    INCREMENT BY 1
    NO MINVALUE
    NO MAXVALUE
    CACHE 1
);


--
-- Data for Name: author; Type: TABLE DATA; Schema: public; Owner: postgres
--

COPY public.author (id, birth_day, description, first_name, last_name, patronymic) FROM stdin;
1	\N	\N	Михаил	Булгаков	Афанасьевич
2	\N	\N	Николай	Гоголь	Васильевич
3	\N	\N	Федор	Достоевский	Михайлович
4	\N	\N	Лев	Толстой	Николаевич
\.


--
-- Data for Name: book; Type: TABLE DATA; Schema: public; Owner: postgres
--

COPY public.book (id, description, name) FROM stdin;
1	\N	Мастер и Маргарита
2	\N	Собачье сердце
3	\N	Мёртвые души
4	\N	Ревизор
5	\N	Тарас Бульба
6	\N	Преступление и наказание
7	\N	Война и мир
8	\N	Анна Каренина
\.


--
-- Data for Name: book_author; Type: TABLE DATA; Schema: public; Owner: postgres
--

COPY public.book_author (book_id, authors_id) FROM stdin;
1	1
2	1
3	2
4	2
5	2
6	3
7	4
8	4
\.


--
-- Data for Name: book_genre; Type: TABLE DATA; Schema: public; Owner: postgres
--

COPY public.book_genre (book_id, genres_id) FROM stdin;
\.


--
-- Data for Name: flyway_schema_history; Type: TABLE DATA; Schema: public; Owner: postgres
--

COPY public.flyway_schema_history (installed_rank, version, description, type, script, checksum, installed_by, installed_on, execution_time, success) FROM stdin;
1	1	InitDatabase	SQL	V1__InitDatabase.sql	-917333979	postgres	2022-04-20 23:24:33.38501	56	t
2	2	FillDatabese	SQL	V2__FillDatabese.sql	543623376	postgres	2022-04-20 23:24:33.472328	18	t
\.


--
-- Data for Name: genre; Type: TABLE DATA; Schema: public; Owner: postgres
--

COPY public.genre (id, name) FROM stdin;
1	рассказ
2	поэма
3	роман
4	приключения
\.


--
-- Name: author_id_seq; Type: SEQUENCE SET; Schema: public; Owner: postgres
--

SELECT pg_catalog.setval('public.author_id_seq', 4, true);


--
-- Name: book_id_seq; Type: SEQUENCE SET; Schema: public; Owner: postgres
--

SELECT pg_catalog.setval('public.book_id_seq', 8, true);


--
-- Name: genre_id_seq; Type: SEQUENCE SET; Schema: public; Owner: postgres
--

SELECT pg_catalog.setval('public.genre_id_seq', 4, true);


--
-- Name: author author_pkey; Type: CONSTRAINT; Schema: public; Owner: postgres
--

ALTER TABLE ONLY public.author
    ADD CONSTRAINT author_pkey PRIMARY KEY (id);


--
-- Name: book book_pkey; Type: CONSTRAINT; Schema: public; Owner: postgres
--

ALTER TABLE ONLY public.book
    ADD CONSTRAINT book_pkey PRIMARY KEY (id);


--
-- Name: flyway_schema_history flyway_schema_history_pk; Type: CONSTRAINT; Schema: public; Owner: postgres
--

ALTER TABLE ONLY public.flyway_schema_history
    ADD CONSTRAINT flyway_schema_history_pk PRIMARY KEY (installed_rank);


--
-- Name: genre genre_pkey; Type: CONSTRAINT; Schema: public; Owner: postgres
--

ALTER TABLE ONLY public.genre
    ADD CONSTRAINT genre_pkey PRIMARY KEY (id);


--
-- Name: genre uk_ctffrbu4484ft8dlsa5vmqdka; Type: CONSTRAINT; Schema: public; Owner: postgres
--

ALTER TABLE ONLY public.genre
    ADD CONSTRAINT uk_ctffrbu4484ft8dlsa5vmqdka UNIQUE (name);


--
-- Name: book uk_wugryet8mf6oi28n00x2eoc4; Type: CONSTRAINT; Schema: public; Owner: postgres
--

ALTER TABLE ONLY public.book
    ADD CONSTRAINT uk_wugryet8mf6oi28n00x2eoc4 UNIQUE (name);


--
-- Name: flyway_schema_history_s_idx; Type: INDEX; Schema: public; Owner: postgres
--

CREATE INDEX flyway_schema_history_s_idx ON public.flyway_schema_history USING btree (success);


--
-- Name: book_genre fk52evq6pdc5ypanf41bij5u218; Type: FK CONSTRAINT; Schema: public; Owner: postgres
--

ALTER TABLE ONLY public.book_genre
    ADD CONSTRAINT fk52evq6pdc5ypanf41bij5u218 FOREIGN KEY (book_id) REFERENCES public.book(id);


--
-- Name: book_author fkee8x5xlovy8tlylr5ag6yruxd; Type: FK CONSTRAINT; Schema: public; Owner: postgres
--

ALTER TABLE ONLY public.book_author
    ADD CONSTRAINT fkee8x5xlovy8tlylr5ag6yruxd FOREIGN KEY (authors_id) REFERENCES public.author(id);


--
-- Name: book_author fkhwgu59n9o80xv75plf9ggj7xn; Type: FK CONSTRAINT; Schema: public; Owner: postgres
--

ALTER TABLE ONLY public.book_author
    ADD CONSTRAINT fkhwgu59n9o80xv75plf9ggj7xn FOREIGN KEY (book_id) REFERENCES public.book(id);


--
-- Name: book_genre fkpi0ukki18qak436won883bn10; Type: FK CONSTRAINT; Schema: public; Owner: postgres
--

ALTER TABLE ONLY public.book_genre
    ADD CONSTRAINT fkpi0ukki18qak436won883bn10 FOREIGN KEY (genres_id) REFERENCES public.genre(id);


--
-- PostgreSQL database dump complete
--

